ID,Pack,Image
adverseprelude,Adverse Prelude,https://static.wikia.nocookie.net/iowiro/images/c/c1/Pack_Adverse_Prelude.png/revision/latest?cb=20230927024538
thejourneyonwards,The Journey Onwards,https://static.wikia.nocookie.net/iowiro/images/6/61/Pack_The_Journey_Onwards.png/revision/latest?cb=20230927025449
lastingeden,Lasting Eden,https://static.wikia.nocookie.net/iowiro/images/8/83/Pack_Lasting_Eden.png/revision/latest?cb=20230927014007
binaryenfold,Binary Enfold,https://static.wikia.nocookie.net/iowiro/images/9/9b/Pack_Binary_Enfold.png/revision/latest?cb=20230927025024
chunithmcollaborationchapter3,CHUNITHM Collaboration Chapter 3,https://static.wikia.nocookie.net/iowiro/images/6/62/Pack_CHUNITHM_Collaboration_Chapter_3.png/revision/latest?cb=20230927031027
blackfate,Black Fate,https://static.wikia.nocookie.net/iowiro/images/d/d4/Pack_Black_Fate.png/revision/latest?cb=20230927024626
eternalcore,Eternal Core,https://static.wikia.nocookie.net/iowiro/images/0/0d/Pack_Eternal_Core.png/revision/latest?cb=20230927024218
arcaea,Arcaea,https://static.wikia.nocookie.net/iowiro/images/0/09/Pack_Arcaea.png/revision/latest?cb=20230927023355
ephemeralpage,Ephemeral Page,https://static.wikia.nocookie.net/iowiro/images/8/8c/Pack_Ephemeral_Page.png/revision/latest?cb=20230927025407
memoryarchive,Memory Archive,https://static.wikia.nocookie.net/iowiro/images/2/25/Pack_Memory_Archive.png/revision/latest?cb=20230927023900
cytusiicollaboration,Cytus II Collaboration,https://static.wikia.nocookie.net/iowiro/images/1/13/Pack_Cytus_II_Collaboration.png/revision/latest?cb=20230927031509
waccacollaboration,WACCA Collaboration,https://static.wikia.nocookie.net/iowiro/images/e/e3/Pack_WACCA_Collaboration.png/revision/latest?cb=20230927031411
worldextend,World Extend,https://static.wikia.nocookie.net/iowiro/images/2/2c/Pack_World_Extend.png/revision/latest?cb=20230927024123
chunithmcollaboration,CHUNITHM Collaboration,https://static.wikia.nocookie.net/iowiro/images/6/68/Pack_CHUNITHM_Collaboration.png/revision/latest?cb=20230927030847
cytusiicollaborationchapter2,Cytus II Collaboration Chapter 2,https://static.wikia.nocookie.net/iowiro/images/7/7d/Pack_Cytus_II_Collaboration_Chapter_2.png/revision/latest?cb=20230927031553
luminoussky,Luminous Sky,https://static.wikia.nocookie.net/iowiro/images/c/c9/Pack_Luminous_Sky.png/revision/latest?cb=20230927024422
maimaicollaboration,maimai Collaboration,https://static.wikia.nocookie.net/iowiro/images/5/58/Pack_maimai_Collaboration.png/revision/latest?cb=20230927031252
sunsetradiance,Sunset Radiance,https://static.wikia.nocookie.net/iowiro/images/8/8c/Pack_Sunset_Radiance.png/revision/latest?cb=20230927025321
groovecoastercollaboration,Groove Coaster Collaboration,https://static.wikia.nocookie.net/iowiro/images/8/8d/Pack_Groove_Coaster_Collaboration.png/revision/latest?cb=20230927030801
shiftingveil,Shifting Veil,https://static.wikia.nocookie.net/iowiro/images/d/dd/Pack_Shifting_Veil.png/revision/latest?cb=20231026002731
sharedtime,Shared Time,https://static.wikia.nocookie.net/iowiro/images/a/aa/Pack_Shared_Time.png/revision/latest?cb=20230927025123
dividedheart,Divided Heart,https://static.wikia.nocookie.net/iowiro/images/4/46/Pack_Divided_Heart.png/revision/latest?cb=20230927025810
ambivalentvision,Ambivalent Vision,https://static.wikia.nocookie.net/iowiro/images/b/b3/Pack_Ambivalent_Vision.png/revision/latest?cb=20230927024947
extendarchive,Extend Archive,https://static.wikia.nocookie.net/iowiro/images/c/c3/Pack_Extend_Archive.png/revision/latest?cb=20230927023521
viciouslabyrinth,Vicious Labyrinth,https://static.wikia.nocookie.net/iowiro/images/1/13/Pack_Vicious_Labyrinth.png/revision/latest?cb=20230927024313
memoryarchivestellightscollaboration,Memory Archive: Stellights Collaboration,https://static.wikia.nocookie.net/iowiro/images/2/25/Pack_Memory_Archive.png/revision/latest?cb=20230927023900
tonespherecollaboration,Tone Sphere Collaboration,https://static.wikia.nocookie.net/iowiro/images/1/13/Pack_Tone_Sphere_Collaboration.png/revision/latest?cb=20230927030725
memoryarchivedynamixcollaboration,Memory Archive: Dynamix Collaboration,https://static.wikia.nocookie.net/iowiro/images/2/25/Pack_Memory_Archive.png/revision/latest?cb=20230927023900
maimaicollaborationchapter2,maimai Collaboration Chapter 2,https://static.wikia.nocookie.net/iowiro/images/c/c0/Pack_maimai_Collaboration_Chapter_2.png/revision/latest?cb=20230927031325
lightofsalvation,Light of Salvation,https://static.wikia.nocookie.net/iowiro/images/8/87/Pack_Light_of_Salvation.png/revision/latest?cb=20230927025728
crimsonsolace,Crimson Solace,https://static.wikia.nocookie.net/iowiro/images/6/61/Pack_Crimson_Solace.png/revision/latest?cb=20230927024855
ongekicollaborationchapter2,O.N.G.E.K.I. Collaboration Chapter 2,https://static.wikia.nocookie.net/iowiro/images/0/0a/Pack_O.N.G.E.K.I._Collaboration_Chapter_2.png/revision/latest?cb=20230927031142
lanotacollaborationchapter2,Lanota Collaboration Chapter 2,https://static.wikia.nocookie.net/iowiro/images/6/6a/Pack_Lanota_Collaboration_Chapter_2.png/revision/latest?cb=20230927030649
finalverdict,Final Verdict,https://static.wikia.nocookie.net/iowiro/images/d/d2/Pack_Final_Verdict.png/revision/latest?cb=20230927013927
lanotacollaboration,Lanota Collaboration,https://static.wikia.nocookie.net/iowiro/images/f/f4/Pack_Lanota_Collaboration.png/revision/latest?cb=20230927030559
musedashcollaboration,Muse Dash Collaboration,https://static.wikia.nocookie.net/iowiro/images/0/0f/Pack_Muse_Dash_Collaboration.png/revision/latest?cb=20230927031439
silentanswer,Silent Answer,https://static.wikia.nocookie.net/iowiro/images/e/eb/Pack_Silent_Answer.png/revision/latest?cb=20230927024704
paletapestry,Pale Tapestry,https://static.wikia.nocookie.net/iowiro/images/9/94/Pack_Pale_Tapestry.png/revision/latest?cb=20230927025624
absolutereason,Absolute Reason,https://static.wikia.nocookie.net/iowiro/images/a/af/Pack_Absolute_Reason.png/revision/latest?cb=20230927025235
lastingedenchapter2,Lasting Eden Chapter 2,https://static.wikia.nocookie.net/iowiro/images/0/01/Pack_Lasting_Eden_Chapter_2.png/revision/latest?cb=20230927010246
chunithmcollaborationchapter2,CHUNITHM Collaboration Chapter 2,https://static.wikia.nocookie.net/iowiro/images/8/81/Pack_CHUNITHM_Collaboration_Chapter_2.png/revision/latest?cb=20230927030938
memoryarchivehardcoretanoccollaborationpart2,Memory Archive: HARDCORE TANO*C Collaboration Part 2,https://static.wikia.nocookie.net/iowiro/images/2/25/Pack_Memory_Archive.png/revision/latest?cb=20230927023900
memoryarchivehardcoretanoccollaboration,Memory Archive: HARDCORE TANO*C Collaboration,https://static.wikia.nocookie.net/iowiro/images/2/25/Pack_Memory_Archive.png/revision/latest?cb=20230927023900
dynamixcollaboration,Dynamix Collaboration,https://static.wikia.nocookie.net/iowiro/images/3/39/Pack_Dynamix_Collaboration.png/revision/latest?cb=20230927030459
esotericorder,Esoteric Order,https://static.wikia.nocookie.net/iowiro/images/0/08/Pack_Esoteric_Order.png/revision/latest?cb=20230927025542
ongekicollaboration,O.N.G.E.K.I. Collaboration,https://static.wikia.nocookie.net/iowiro/images/c/c6/Pack_O.N.G.E.K.I._Collaboration.png/revision/latest?cb=20230927031104
